first_name,last_name,email,gender,work_phone,book_preference_hardcopy
Tiebold,Steers,tsteers0@a8.net,Male,258-553-5054,TRUE
Pippo,Mougeot,pmougeot1@apache.org,Male,108-209-3414,TRUE
Ree,Cornish,rcornish2@jugem.jp,Female,968-480-8790,TRUE
Shina,Freund,sfreund3@sbwire.com,Female,860-203-9233,TRUE
Darby,Winley,dwinley4@businesswire.com,Male,540-609-8343,FALSE
Nero,Vigours,nvigours5@digg.com,Male,431-510-3535,TRUE
Emmet,Valencia,evalencia6@angelfire.com,Male,597-265-3781,TRUE
Koenraad,Dugdale,kdugdale7@ezinearticles.com,Male,527-450-6922,TRUE
Susy,Widdison,swiddison8@mac.com,Female,377-378-2222,FALSE
Kenneth,Frankish,kfrankish9@google.pl,Male,958-128-3229,TRUE
Naoma,Truin,ntruina@smugmug.com,Female,139-391-1262,TRUE
Luise,Light,llightb@dropbox.com,Female,734-359-5678,FALSE
Elijah,Helgass,ehelgassc@harvard.edu,Male,188-597-8889,FALSE
Gian,Jaskowicz,gjaskowiczd@alexa.com,Male,619-569-1299,TRUE
Philip,Butterly,pbutterlye@linkedin.com,Male,778-290-1779,FALSE
Friederike,Izakov,fizakovf@feedburner.com,Female,955-152-5915,TRUE
Millisent,McCaster,mmccasterg@scribd.com,Female,558-379-0831,TRUE
Roobbie,Thomas,rthomash@goodreads.com,Female,202-681-8578,TRUE
Jed,Overil,joverili@ca.gov,Male,841-689-5890,TRUE
Montague,Dunkley,mdunkleyj@sohu.com,Male,282-835-0551,TRUE
Blaine,Pesterfield,bpesterfieldk@google.cn,Male,378-191-9989,FALSE
Karine,Renzini,krenzinil@woothemes.com,Female,193-819-0205,TRUE
Ruddie,Drivers,rdriversm@state.gov,Male,217-473-8624,TRUE
Lucien,Slidders,lsliddersn@apache.org,Male,964-906-2031,TRUE
Norry,Sprake,nsprakeo@eepurl.com,Male,504-241-7899,FALSE
Fionnula,Bagnell,fbagnellp@stumbleupon.com,Female,328-322-1930,FALSE
Beauregard,Reubens,breubensq@nifty.com,Male,150-753-5280,TRUE
Arline,Meneghi,ameneghir@ftc.gov,Female,904-762-2384,TRUE
Kayla,Cline,kclines@usda.gov,Female,880-387-9343,TRUE
Averill,Eveque,aevequet@mashable.com,Male,606-174-4235,FALSE
Mollie,Maccrie,mmaccrieu@shinystat.com,Female,372-728-9321,TRUE
Mead,Kyneton,mkynetonv@usa.gov,Male,283-288-6047,FALSE
Ally,Filipovic,afilipovicw@artisteer.com,Female,738-603-5526,FALSE
Marcelline,Janicek,mjanicekx@paypal.com,Female,152-136-5165,TRUE
Ki,Kavanagh,kkavanaghy@alibaba.com,Female,513-976-5155,TRUE
Rivy,Shorland,rshorlandz@springer.com,Female,631-573-1001,FALSE
Carita,Issacof,cissacof10@vkontakte.ru,Female,200-447-7441,TRUE
Weber,Trevithick,wtrevithick11@jigsy.com,Male,785-958-5148,FALSE
Edd,McDermott-Row,emcdermottrow12@google.de,Male,379-688-1885,TRUE
Abel,Beeching,abeeching13@europa.eu,Male,413-526-4804,TRUE
Giustino,Fleming,gfleming14@creativecommons.org,Male,663-419-1558,TRUE
Cointon,Brownell,cbrownell15@google.nl,Male,455-396-7774,FALSE
Salvidor,Knutsen,sknutsen16@cam.ac.uk,Male,555-284-1328,TRUE
Jehanna,Simonsson,jsimonsson17@apple.com,Female,219-951-9800,TRUE
Kassi,Sudddard,ksudddard18@prnewswire.com,Female,852-722-1742,TRUE
Madonna,Hedaux,mhedaux19@epa.gov,Female,928-614-2661,TRUE
Venus,Gullberg,vgullberg1a@opera.com,Female,493-431-6188,TRUE
Thomasin,Melmoth,tmelmoth1b@google.com.au,Female,727-843-8729,FALSE
Boothe,Vonderdell,bvonderdell1c@taobao.com,Male,122-164-1529,FALSE
Monique,Calf,mcalf1d@bloglovin.com,Female,897-699-5514,TRUE
Rori,Bridger,rbridger1e@paypal.com,Female,886-531-2106,TRUE
Louise,Daubeny,ldaubeny1f@zimbio.com,Female,262-810-9698,TRUE
Boony,Pote,bpote1g@ca.gov,Male,596-701-8256,TRUE
Abigale,Boik,aboik1h@forbes.com,Female,300-315-7186,TRUE
Ely,Spurrier,espurrier1i@tuttocitta.it,Male,167-391-0125,FALSE
Catina,Rysdale,crysdale1j@guardian.co.uk,Female,502-299-4379,TRUE
Hastings,Trump,htrump1k@elegantthemes.com,Male,178-259-3383,TRUE
Luise,Crumpe,lcrumpe1l@ehow.com,Female,206-228-7092,TRUE
Jacquelin,Larive,jlarive1m@java.com,Female,286-352-1452,TRUE
Tedman,Endersby,tendersby1n@tamu.edu,Male,304-116-3032,TRUE
Walden,Landreth,wlandreth1o@stanford.edu,Male,171-687-5086,TRUE
Susy,Marham,smarham1p@timesonline.co.uk,Female,151-940-6987,FALSE
Clio,Whartonby,cwhartonby1q@simplemachines.org,Female,420-801-4531,FALSE
Franzen,Truelock,ftruelock1r@businesswire.com,Male,127-696-6552,FALSE
Dyanna,Gaither,dgaither1s@liveinternet.ru,Female,303-237-3024,FALSE
Horatius,Athy,hathy1t@indiegogo.com,Male,146-347-5104,TRUE
Dudley,Vowell,dvowell1u@cargocollective.com,Male,889-836-4021,TRUE
Sherman,Albin,salbin1v@geocities.com,Male,600-544-9686,TRUE
Devin,Simoni,dsimoni1w@illinois.edu,Female,872-116-6845,TRUE
Gilda,Plimmer,gplimmer1x@state.tx.us,Female,804-325-3389,TRUE
Jehu,Hobbing,jhobbing1y@hostgator.com,Male,284-673-4171,TRUE
Alexandre,Comerford,acomerford1z@webeden.co.uk,Male,205-272-2211,FALSE
Meredeth,Cavil,mcavil20@xing.com,Male,130-925-4543,FALSE
Anette,Mallon,amallon21@sourceforge.net,Female,746-190-4398,TRUE
Franklyn,MacGuffog,fmacguffog22@theatlantic.com,Male,542-282-5432,FALSE
Nehemiah,MacGillivrie,nmacgillivrie23@php.net,Male,185-928-7226,FALSE
William,Fealey,wfealey24@wix.com,Male,428-714-4383,FALSE
Regen,Fownes,rfownes25@examiner.com,Male,974-434-7627,FALSE
Cate,Creswell,ccreswell26@zimbio.com,Female,937-314-6841,TRUE
Odella,Fitzsimmons,ofitzsimmons27@wordpress.org,Female,123-198-1958,TRUE
Jasun,Romain,jromain28@dell.com,Male,818-182-2097,FALSE
Skell,Crosoer,scrosoer29@go.com,Male,418-704-6677,TRUE
Isidore,Raft,iraft2a@columbia.edu,Male,951-425-5517,FALSE
Peirce,Giraudeau,pgiraudeau2b@reddit.com,Male,245-798-4484,FALSE
Julian,Mugleston,jmugleston2c@dedecms.com,Male,924-101-3744,FALSE
Alonso,Hunnawill,ahunnawill2d@e-recht24.de,Male,760-342-0233,FALSE
Halette,Joynt,hjoynt2e@a8.net,Female,365-448-2384,TRUE
Celesta,McLeary,cmcleary2f@xinhuanet.com,Female,823-985-0388,TRUE
Amy,Belhomme,abelhomme2g@tripod.com,Female,380-584-3065,TRUE
Nedda,Sinclair,nsinclair2h@tumblr.com,Female,104-777-4655,TRUE
Shelia,Beardsley,sbeardsley2i@mapquest.com,Female,202-182-2423,FALSE
Remy,Ortes,rortes2j@ezinearticles.com,Female,335-447-3053,TRUE
Sandie,Rekes,srekes2k@squarespace.com,Female,872-465-8586,TRUE
Rodie,Roger,rroger2l@examiner.com,Female,638-566-7074,FALSE
Tasia,Stigers,tstigers2m@dyndns.org,Female,238-490-9787,FALSE
Raimondo,Furmage,rfurmage2n@acquirethisname.com,Male,519-348-9150,TRUE
Charlena,Lethebridge,clethebridge2o@europa.eu,Female,478-385-8098,FALSE
Joelie,Abazi,jabazi2p@google.es,Female,154-750-3760,FALSE
Tabbatha,Fackney,tfackney2q@timesonline.co.uk,Female,552-635-0126,FALSE
Abbey,Stollman,astollman2r@google.com.br,Male,865-618-2319,FALSE
Sigismundo,Axe,saxe2s@clickbank.net,Male,465-696-5991,TRUE
Harriet,Gebbe,hgebbe2t@oaic.gov.au,Female,232-537-7904,TRUE
Mateo,Coxhead,mcoxhead2u@dell.com,Male,983-740-9871,FALSE
Nikolaos,Lutz,nlutz2v@theatlantic.com,Male,208-517-1772,TRUE
Malinda,Kielt,mkielt2w@marketwatch.com,Female,292-133-7999,FALSE
Bordie,Junifer,bjunifer2x@jigsy.com,Male,685-426-8115,TRUE
Garrick,Drowsfield,gdrowsfield2y@theguardian.com,Male,347-686-9506,TRUE
Iago,Van Leeuwen,ivanleeuwen2z@google.it,Male,236-342-7317,FALSE
Kacie,Kiddle,kkiddle30@4shared.com,Female,428-291-5863,FALSE
Cass,Tremain,ctremain31@narod.ru,Male,620-489-8707,TRUE
Matilde,Iacobassi,miacobassi32@java.com,Female,505-263-2146,TRUE
Nadine,Conachy,nconachy33@tamu.edu,Female,319-235-8794,FALSE
Abby,Shone,ashone34@nyu.edu,Female,975-857-3640,FALSE
Mead,Carmel,mcarmel35@cloudflare.com,Male,395-579-7216,TRUE
Merrie,Fewings,mfewings36@walmart.com,Female,271-494-1911,FALSE
Hurleigh,Kohrsen,hkohrsen37@bbb.org,Male,790-266-4094,TRUE
Moshe,Zanettini,mzanettini38@studiopress.com,Male,139-720-0615,FALSE
Lanni,Hurring,lhurring39@marketwatch.com,Female,525-110-6944,FALSE
Herc,Aldis,haldis3a@booking.com,Male,418-793-2274,TRUE
Sheela,Mantrup,smantrup3b@cbc.ca,Female,797-200-1963,TRUE
Hobie,Rainton,hrainton3c@hibu.com,Male,437-636-2747,TRUE
Alon,Kivits,akivits3d@parallels.com,Male,411-134-3336,TRUE
Roxie,Gilyatt,rgilyatt3e@mac.com,Female,507-708-8776,FALSE
Perri,Shillito,pshillito3f@vinaora.com,Female,296-426-4665,FALSE
Ephrayim,Esch,eesch3g@woothemes.com,Male,184-993-2412,FALSE
Merle,Eschalotte,meschalotte3h@gov.uk,Male,451-357-6476,FALSE
Brett,McIsaac,bmcisaac3i@google.es,Male,800-777-8882,TRUE
Zebadiah,Feldbrin,zfeldbrin3j@merriam-webster.com,Male,717-642-4038,FALSE
Caritta,Janek,cjanek3k@netvibes.com,Female,956-716-5298,FALSE
Leticia,Doutch,ldoutch3l@ask.com,Female,764-586-1298,FALSE
Neda,Petrasek,npetrasek3m@wikispaces.com,Female,796-200-8494,FALSE
Eugenius,Goalley,egoalley3n@yellowbook.com,Male,193-138-1176,FALSE
Pattie,Ridd,pridd3o@home.pl,Male,389-209-1991,FALSE
Ellerey,Colerick,ecolerick3p@yahoo.co.jp,Male,549-949-2323,FALSE
Kendall,Galtone,kgaltone3q@psu.edu,Male,348-520-5148,FALSE
Gabie,Leman,gleman3r@mtv.com,Female,910-381-2092,FALSE
Hagan,Pllu,hpllu3s@goodreads.com,Male,587-365-8680,FALSE
Rob,Hewertson,rhewertson3t@so-net.ne.jp,Male,866-407-3514,FALSE
Douglass,Joire,djoire3u@nhs.uk,Male,341-556-5979,TRUE
Devin,McPhelim,dmcphelim3v@usgs.gov,Male,412-728-4169,TRUE
Hermon,Woolcocks,hwoolcocks3w@utexas.edu,Male,913-866-7850,FALSE
Jaymie,Vicioso,jvicioso3x@vk.com,Male,115-573-5743,FALSE
Harvey,Kinzel,hkinzel3y@csmonitor.com,Male,978-637-1377,FALSE
Noellyn,Westraw,nwestraw3z@indiatimes.com,Female,382-192-2947,TRUE
Sidney,Brace,sbrace40@desdev.cn,Male,264-643-2684,TRUE
Mill,Rubanenko,mrubanenko41@apache.org,Male,515-212-0294,TRUE
Dorey,Gummary,dgummary42@usgs.gov,Male,681-405-1381,TRUE
Pearce,Hellin,phellin43@hao123.com,Male,430-220-0800,FALSE
Alexandro,Stubbings,astubbings44@google.de,Male,303-886-1089,FALSE
Benedicta,Blum,bblum45@who.int,Female,678-739-9185,FALSE
Pammy,Nel,pnel46@narod.ru,Female,814-857-0002,FALSE
Cayla,Cicero,ccicero47@dedecms.com,Female,626-338-1035,TRUE
Cathryn,Bolver,cbolver48@domainmarket.com,Female,821-414-5875,FALSE
Mikaela,Ekins,mekins49@blogspot.com,Female,652-104-4508,TRUE
Benita,Coye,bcoye4a@thetimes.co.uk,Female,130-676-1677,TRUE
Kipper,Bleby,kbleby4b@hc360.com,Male,959-325-2447,FALSE
Michaelina,Nary,mnary4c@yelp.com,Female,283-378-1564,TRUE
Nolan,Edmunds,nedmunds4d@360.cn,Male,931-509-6070,FALSE
Anette,Polding,apolding4e@tinypic.com,Female,789-519-2896,TRUE
Georgia,Melato,gmelato4f@state.gov,Female,799-981-6022,FALSE
Hedy,Emmet,hemmet4g@sohu.com,Female,786-667-9602,FALSE
Bobbette,Redshaw,bredshaw4h@reddit.com,Female,680-361-9808,FALSE
Sherlocke,Lavall,slavall4i@amazon.com,Male,916-339-9123,FALSE
Alvie,Reinhard,areinhard4j@admin.ch,Male,479-769-9285,TRUE
Arabela,Smithin,asmithin4k@netlog.com,Female,626-612-4237,TRUE
Zerk,Nolin,znolin4l@ucoz.com,Male,494-111-5556,TRUE
Travis,Benallack,tbenallack4m@si.edu,Male,238-350-5461,TRUE
Harlin,Percifull,hpercifull4n@mapquest.com,Male,562-647-0375,FALSE
Orion,Taylder,otaylder4o@wikia.com,Male,845-591-0703,FALSE
Rozalie,Tidbury,rtidbury4p@qq.com,Female,620-137-8070,FALSE
Tasha,De Benedetti,tdebenedetti4q@washington.edu,Female,689-125-6223,TRUE
Vaughan,Liversage,vliversage4r@cmu.edu,Male,342-397-6452,FALSE
Querida,Corton,qcorton4s@acquirethisname.com,Female,545-937-6900,FALSE
Bryant,Churches,bchurches4t@mediafire.com,Male,202-366-8241,FALSE
Dory,Sutherns,dsutherns4u@netscape.com,Male,647-137-7642,FALSE
Lucille,Skayman,lskayman4v@prnewswire.com,Female,582-248-7870,FALSE
Reid,Childe,rchilde4w@pen.io,Male,175-242-6732,FALSE
Morrie,Morillas,mmorillas4x@eventbrite.com,Male,129-541-6406,FALSE
Lani,Dando,ldando4y@umn.edu,Female,506-763-6990,FALSE
Tybalt,Matuszynski,tmatuszynski4z@opera.com,Male,985-697-6285,FALSE
Hillie,Postlewhite,hpostlewhite50@guardian.co.uk,Male,879-501-4155,FALSE
Demetris,Piller,dpiller51@cloudflare.com,Male,562-853-8745,FALSE
Barby,Mewton,bmewton52@abc.net.au,Female,481-202-2804,TRUE
Ibby,Gudgion,igudgion53@adobe.com,Female,736-323-5746,FALSE
Evangelia,Dumbell,edumbell54@issuu.com,Female,561-849-6327,TRUE
Dorothee,Hoble,dhoble55@hugedomains.com,Female,471-573-8758,TRUE
Horace,Storror,hstorror56@hubpages.com,Male,604-771-6626,TRUE
Brietta,Craggs,bcraggs57@adobe.com,Female,914-118-9944,FALSE
Elliott,Elvy,eelvy58@wufoo.com,Male,164-436-6456,TRUE
Randene,Dalton,rdalton59@google.de,Female,245-533-0426,TRUE
Sampson,Skeleton,sskeleton5a@ycombinator.com,Male,386-949-1090,TRUE
Erik,Shorland,eshorland5b@t.co,Male,185-966-6646,FALSE
Judas,Griston,jgriston5c@statcounter.com,Male,908-629-3727,TRUE
Barrie,Schoales,bschoales5d@imdb.com,Male,701-151-2735,TRUE
Rockie,Spires,rspires5e@ameblo.jp,Male,756-207-2284,FALSE
Herbert,Tallboy,htallboy5f@technorati.com,Male,794-388-1274,FALSE
Siward,Geke,sgeke5g@time.com,Male,567-461-5273,FALSE
Robena,Tantrum,rtantrum5h@theglobeandmail.com,Female,500-478-5062,FALSE
Neils,Cardenosa,ncardenosa5i@globo.com,Male,697-468-3400,TRUE
Raviv,Calverd,rcalverd5j@nytimes.com,Male,404-320-7225,TRUE
Sapphire,Ghirigori,sghirigori5k@friendfeed.com,Female,737-713-7916,FALSE
Newton,Quinsee,nquinsee5l@com.com,Male,679-863-5298,FALSE
Lindsay,Folbige,lfolbige5m@nps.gov,Male,894-789-2975,TRUE
Delainey,Witherop,dwitherop5n@adobe.com,Male,410-118-3962,FALSE
Zed,Seide,zseide5o@booking.com,Male,734-724-3343,TRUE
Ramsey,Delacote,rdelacote5p@etsy.com,Male,325-447-6050,TRUE
Lacey,Choldcroft,lcholdcroft5q@microsoft.com,Female,155-948-9647,TRUE
Waite,Kettlestringes,wkettlestringes5r@homestead.com,Male,347-953-9114,FALSE
Hugo,Maberley,hmaberley5s@discuz.net,Male,308-743-9910,TRUE
Gabrielle,July,gjuly5t@phpbb.com,Female,984-574-7999,TRUE
Avictor,Lindsell,alindsell5u@zdnet.com,Male,478-365-2172,FALSE
Horatio,Batram,hbatram5v@archive.org,Male,723-288-1421,FALSE
Marcos,Steaning,msteaning5w@de.vu,Male,976-317-2283,FALSE
Dunstan,Letixier,dletixier5x@imageshack.us,Male,424-228-2631,FALSE
Shanda,Cuell,scuell5y@patch.com,Female,363-238-7273,FALSE
El,Goodall,egoodall5z@theatlantic.com,Male,856-786-3647,TRUE
Jimmy,Chichgar,jchichgar60@nydailynews.com,Male,420-713-6386,TRUE
Ame,Lesly,alesly61@naver.com,Female,711-753-9093,TRUE
Grata,Wanklyn,gwanklyn62@ucoz.com,Female,949-503-3806,FALSE
Genevieve,Carvil,gcarvil63@ow.ly,Female,128-857-1228,TRUE
Vernice,Lamerton,vlamerton64@aboutads.info,Female,631-578-8309,TRUE
Nadine,Dilgarno,ndilgarno65@gmpg.org,Female,734-178-8546,TRUE
Waneta,Stodhart,wstodhart66@tiny.cc,Female,764-814-5071,TRUE
Joellen,Verrechia,jverrechia67@theatlantic.com,Female,383-740-6986,TRUE
Ignace,Garlicke,igarlicke68@squidoo.com,Male,274-138-4232,FALSE
Nobie,Troop,ntroop69@webmd.com,Male,171-193-8840,FALSE
Auroora,Pogg,apogg6a@independent.co.uk,Female,785-307-7575,FALSE
Nelli,Fannin,nfannin6b@squarespace.com,Female,222-528-6920,FALSE
Huntlee,Clopton,hclopton6c@craigslist.org,Male,215-531-0766,TRUE
Valencia,Campbell-Dunlop,vcampbelldunlop6d@mozilla.com,Female,466-463-6618,FALSE
Kathe,Lorente,klorente6e@myspace.com,Female,464-190-3253,FALSE
Rodi,Nekrews,rnekrews6f@dmoz.org,Female,113-366-4799,FALSE
Brandtr,Janouch,bjanouch6g@cargocollective.com,Male,845-868-6031,TRUE
Meridel,Looker,mlooker6h@woothemes.com,Female,770-462-8068,FALSE
Janaya,Nise,jnise6i@umich.edu,Female,592-499-2791,TRUE
Christie,Nasey,cnasey6j@kickstarter.com,Male,134-946-2855,FALSE
Alvis,Brigham,abrigham6k@narod.ru,Male,458-159-3057,FALSE
Caresa,Cockaday,ccockaday6l@squidoo.com,Female,489-373-3422,TRUE
Pavla,Papes,ppapes6m@cornell.edu,Female,237-526-3418,TRUE
Jared,Fridlington,jfridlington6n@vkontakte.ru,Male,899-309-4213,TRUE
Hadrian,Bourdon,hbourdon6o@ning.com,Male,601-250-3948,FALSE
Hugo,Heys,hheys6p@state.gov,Male,249-951-1524,TRUE
Janel,Sigge,jsigge6q@mit.edu,Female,915-746-8801,FALSE
Shari,Jerg,sjerg6r@ow.ly,Female,735-997-2133,TRUE
Fitz,Duesbury,fduesbury6s@imgur.com,Male,224-352-3373,TRUE
Darrin,Sambiedge,dsambiedge6t@dagondesign.com,Male,468-529-3453,FALSE
Olin,Sissot,osissot6u@stanford.edu,Male,495-807-2120,TRUE
Fairlie,Grave,fgrave6v@de.vu,Male,226-822-7449,FALSE
Nissy,Larkin,nlarkin6w@ocn.ne.jp,Female,955-867-3654,FALSE
Jennifer,Gherardesci,jgherardesci6x@google.pl,Female,939-543-0204,TRUE
Thomasa,Cashmore,tcashmore6y@nydailynews.com,Female,586-970-0424,FALSE
Harriett,Lockner,hlockner6z@go.com,Female,870-719-7952,TRUE
Shelba,Braganza,sbraganza70@mashable.com,Female,705-330-9433,FALSE
Griffy,Wellesley,gwellesley71@statcounter.com,Male,970-650-2578,FALSE
Seumas,O' Bee,sobee72@tinypic.com,Male,535-742-6332,FALSE
Maren,Walbrook,mwalbrook73@ning.com,Female,354-578-7160,FALSE
Doreen,Audry,daudry74@multiply.com,Female,535-996-6995,FALSE
Lyman,Boam,lboam75@msn.com,Male,469-891-3137,TRUE
Wheeler,Mulvenna,wmulvenna76@paginegialle.it,Male,314-684-8059,TRUE
Arty,Prosek,aprosek77@studiopress.com,Male,821-577-8242,FALSE
Hershel,Marflitt,hmarflitt78@canalblog.com,Male,828-580-5905,TRUE
Ailene,Rosenbaum,arosenbaum79@smugmug.com,Female,904-681-8119,FALSE
Radcliffe,Egre,regre7a@aol.com,Male,105-192-4744,FALSE
Theressa,Kirrens,tkirrens7b@cocolog-nifty.com,Female,514-577-6409,TRUE
Sergei,Manlow,smanlow7c@imdb.com,Male,324-194-4334,TRUE
Jocelin,Colthard,jcolthard7d@jiathis.com,Female,578-637-0107,TRUE
Sammie,McVeigh,smcveigh7e@sitemeter.com,Male,262-942-1129,TRUE
Louisa,Beteriss,lbeteriss7f@intel.com,Female,217-959-1568,FALSE
Jessy,Bridgett,jbridgett7g@a8.net,Female,879-821-9278,TRUE
Jeffy,Ariss,jariss7h@live.com,Male,812-148-7993,FALSE
Esmaria,Antill,eantill7i@unicef.org,Female,487-660-3579,FALSE
Marion,Rosenbloom,mrosenbloom7j@tripod.com,Male,913-172-3715,TRUE
Gwendolin,Gritten,ggritten7k@bbb.org,Female,369-202-5025,TRUE
Ronny,Phetteplace,rphetteplace7l@php.net,Male,896-828-8543,FALSE
Griffy,Ollett,gollett7m@theguardian.com,Male,434-437-6842,FALSE
Nesta,Hanbury-Brown,nhanburybrown7n@house.gov,Female,769-802-4999,TRUE
Michel,Gaughan,mgaughan7o@msu.edu,Female,486-681-1368,TRUE
Washington,Lademann,wlademann7p@stumbleupon.com,Male,379-635-6427,TRUE
Netty,Fearnyhough,nfearnyhough7q@sakura.ne.jp,Female,820-893-0706,TRUE
Neils,Coult,ncoult7r@pbs.org,Male,377-922-7184,TRUE
Jefferey,Trobey,jtrobey7s@google.co.uk,Male,971-983-6814,TRUE
Nicole,Blight,nblight7t@cornell.edu,Female,900-815-3169,FALSE
Christye,Sandell,csandell7u@youtu.be,Female,370-542-0381,TRUE
Ivor,Chicchetto,ichicchetto7v@webmd.com,Male,912-633-6890,TRUE
Lorin,Tatlock,ltatlock7w@hao123.com,Male,355-314-7697,TRUE
Augustin,Kembry,akembry7x@goo.ne.jp,Male,595-916-3663,TRUE
Chrystal,Dunphy,cdunphy7y@artisteer.com,Female,692-936-4014,TRUE
Essa,Bettesworth,ebettesworth7z@sogou.com,Female,732-929-0744,FALSE
Erina,Stansby,estansby80@feedburner.com,Female,475-579-7047,FALSE
Madelon,Antognozzii,mantognozzii81@furl.net,Female,477-807-3954,FALSE
Horton,Laybourne,hlaybourne82@foxnews.com,Male,627-194-6730,TRUE
Bailey,Spillane,bspillane83@disqus.com,Male,809-301-0545,TRUE
Una,Beamson,ubeamson84@ca.gov,Female,232-371-0231,TRUE
Deina,Denisevich,ddenisevich85@g.co,Female,467-405-0431,TRUE
Bernie,Quittonden,bquittonden86@free.fr,Male,602-207-8957,TRUE
Olivier,Kubes,okubes87@loc.gov,Male,555-532-4123,TRUE
Rutter,Gimert,rgimert88@google.nl,Male,796-811-7823,FALSE
Gothart,Ashfull,gashfull89@techcrunch.com,Male,130-866-3977,FALSE
Fleur,Mulles,fmulles8a@alexa.com,Female,311-823-9283,TRUE
George,Cheke,gcheke8b@sbwire.com,Male,583-928-7236,FALSE
Krista,Oakenford,koakenford8c@mtv.com,Female,159-797-6164,TRUE
Lorettalorna,Fudger,lfudger8d@columbia.edu,Female,472-116-9382,TRUE
Pedro,Mattam,pmattam8e@fda.gov,Male,964-694-2865,FALSE
Cecily,Ca,cca8f@geocities.jp,Female,773-226-3453,TRUE
Oliver,Martinez,omartinez8g@tuttocitta.it,Male,897-349-6002,TRUE
Margette,Wemm,mwemm8h@arizona.edu,Female,232-675-3311,FALSE
Judas,Dybell,jdybell8i@springer.com,Male,515-179-3275,TRUE
Nehemiah,Westfield,nwestfield8j@usda.gov,Male,925-344-1210,FALSE
Brion,Gehrtz,bgehrtz8k@mashable.com,Male,368-800-5061,TRUE
Fanni,Perks,fperks8l@vistaprint.com,Female,752-222-5667,FALSE
Oralia,Stapele,ostapele8m@yahoo.com,Female,330-600-6704,FALSE
Alvie,MacAfee,amacafee8n@salon.com,Male,347-362-2575,FALSE
Riordan,Climer,rclimer8o@wunderground.com,Male,280-321-7893,FALSE
Thalia,Antrim,tantrim8p@examiner.com,Female,551-400-3443,FALSE
Dene,Filon,dfilon8q@smh.com.au,Male,766-873-0956,TRUE
Welsh,Netherclift,wnetherclift8r@gov.uk,Male,511-261-6316,TRUE
Nicholas,Moyes,nmoyes8s@abc.net.au,Male,553-635-9360,TRUE
Valery,Lambrechts,vlambrechts8t@abc.net.au,Female,790-242-4101,TRUE
Anna-diane,Cargill,acargill8u@hao123.com,Female,128-412-7384,FALSE
Bryn,Duxbarry,bduxbarry8v@cbslocal.com,Male,457-491-7969,FALSE
Barbi,Fourmy,bfourmy8w@toplist.cz,Female,314-280-6597,TRUE
Karney,Boscott,kboscott8x@usa.gov,Male,669-309-9782,TRUE
Dori,Oldam,doldam8y@senate.gov,Female,928-750-2138,FALSE
Juliana,Sykes,jsykes8z@dyndns.org,Female,239-684-0205,TRUE
Arlin,Kliche,akliche90@feedburner.com,Male,749-385-9761,FALSE
Giralda,Kirrage,gkirrage91@symantec.com,Female,402-261-0535,FALSE
Nicolai,Le Noir,nlenoir92@intel.com,Male,854-913-5437,TRUE
Pierre,Nise,pnise93@printfriendly.com,Male,225-564-8559,FALSE
Joann,Ropp,jropp94@vinaora.com,Female,424-333-5744,TRUE
Natalie,Fusco,nfusco95@wsj.com,Female,229-997-9536,TRUE
Denys,Feaks,dfeaks96@globo.com,Male,882-794-6400,TRUE
Opal,Blades,oblades97@blogger.com,Female,883-110-0172,FALSE
Jade,Roelvink,jroelvink98@epa.gov,Female,455-103-7473,FALSE
Josh,Burnep,jburnep99@house.gov,Male,939-358-7220,FALSE
Ahmed,Chichgar,achichgar9a@pen.io,Male,387-495-3353,TRUE
Maisey,Pickthall,mpickthall9b@sun.com,Female,267-148-2680,TRUE
Maxine,Rainsdon,mrainsdon9c@xing.com,Female,323-270-9914,FALSE
Viv,Flattman,vflattman9d@bluehost.com,Female,788-645-1375,FALSE
Loren,Masdon,lmasdon9e@mac.com,Female,315-909-5756,FALSE
Nealson,Cansdale,ncansdale9f@icq.com,Male,569-973-7973,TRUE
Shay,Guiett,sguiett9g@sun.com,Male,896-719-7972,TRUE
Clarance,Kinchin,ckinchin9h@washingtonpost.com,Male,906-590-7068,FALSE
Ruy,Colebourn,rcolebourn9i@google.ru,Male,913-685-2006,TRUE
Domenic,Povele,dpovele9j@last.fm,Male,249-407-1866,TRUE
Willard,Gallaway,wgallaway9k@xing.com,Male,749-632-9929,TRUE
Aluino,Goude,agoude9l@google.ru,Male,710-326-5365,FALSE
Ardys,Burnyeat,aburnyeat9m@theguardian.com,Female,691-633-2927,FALSE
Walden,Goodison,wgoodison9n@quantcast.com,Male,248-676-6360,TRUE
Libby,Challenger,lchallenger9o@disqus.com,Female,337-976-9274,TRUE
Brooks,Pipes,bpipes9p@china.com.cn,Male,341-269-5746,TRUE
Keeley,Shottin,kshottin9q@accuweather.com,Female,364-300-3009,FALSE
Christoffer,Ruslen,cruslen9r@diigo.com,Male,908-140-9949,FALSE
Callie,Andreazzi,candreazzi9s@xing.com,Female,537-774-5937,FALSE
Calvin,Pexton,cpexton9t@army.mil,Male,188-334-8847,TRUE
Evelin,Craiker,ecraiker9u@i2i.jp,Male,495-682-9400,FALSE
Kath,Harmon,kharmon9v@example.com,Female,434-204-3298,FALSE
Antonino,de Werk,adewerk9w@state.gov,Male,691-698-9046,FALSE
Paten,Geoghegan,pgeoghegan9x@51.la,Male,600-445-4942,TRUE
Matthew,Mattiacci,mmattiacci9y@ft.com,Male,255-879-0997,FALSE
Marcia,Yeomans,myeomans9z@themeforest.net,Female,493-906-2255,FALSE
Sharl,Wittman,swittmana0@archive.org,Female,272-158-4780,FALSE
Felipa,Tyre,ftyrea1@imdb.com,Female,966-431-0059,TRUE
Antonella,Maroney,amaroneya2@gizmodo.com,Female,695-955-7779,FALSE
Rubin,Jerdan,rjerdana3@imageshack.us,Male,840-516-1204,TRUE
Antone,Galpen,agalpena4@shop-pro.jp,Male,105-569-0609,FALSE
Evyn,Derell,ederella5@ow.ly,Male,835-937-2664,TRUE
Nadya,Strutton,nstruttona6@whitehouse.gov,Female,662-358-4388,FALSE
Sloan,Hartzenberg,shartzenberga7@cnn.com,Male,366-297-3592,FALSE
Randie,Davidsohn,rdavidsohna8@goodreads.com,Male,360-699-4543,TRUE
Britney,Paladini,bpaladinia9@t.co,Female,859-534-9153,FALSE
Thelma,Pordal,tpordalaa@multiply.com,Female,587-300-1323,TRUE
Crista,Bolles,cbollesab@usgs.gov,Female,545-687-1575,TRUE
Rivi,Panter,rpanterac@youtu.be,Female,375-152-3197,FALSE
Cammie,Bathowe,cbathowead@php.net,Female,849-987-1543,TRUE
Ora,Doubleday,odoubledayae@dailymotion.com,Female,143-530-5341,TRUE
Hilliary,Walters,hwaltersaf@slashdot.org,Female,265-702-1753,TRUE
Jim,Romand,jromandag@wiley.com,Male,409-213-1913,TRUE
Sharon,Snassell,ssnassellah@nhs.uk,Female,594-691-1576,FALSE
Linea,Richford,lrichfordai@nsw.gov.au,Female,786-163-5643,FALSE
Otto,Hargate,ohargateaj@cyberchimps.com,Male,897-154-4186,TRUE
Enid,Kelemen,ekelemenak@shinystat.com,Female,773-573-8307,TRUE
Coletta,Isac,cisacal@livejournal.com,Female,932-802-8171,FALSE
Shara,Corking,scorkingam@google.co.jp,Female,120-764-3665,FALSE
Ronnie,Lattie,rlattiean@redcross.org,Male,301-671-5570,TRUE
Banky,Taffley,btaffleyao@independent.co.uk,Male,815-581-9370,TRUE
Herrick,Lundy,hlundyap@apache.org,Male,536-103-5055,FALSE
Vitoria,Sand,vsandaq@arizona.edu,Female,285-968-9811,FALSE
Halsey,Levis,hlevisar@elegantthemes.com,Male,480-774-6163,FALSE
Paige,Skae,pskaeas@dot.gov,Male,133-500-4698,TRUE
Flss,Clowsley,fclowsleyat@reuters.com,Female,471-864-6215,FALSE
Elsa,Venneur,evenneurau@wunderground.com,Female,280-428-6846,FALSE
Shara,Prattington,sprattingtonav@scribd.com,Female,809-236-2932,FALSE
Raye,Potebury,rpoteburyaw@networksolutions.com,Female,670-921-0128,FALSE
Imogen,Reinisch,ireinischax@uol.com.br,Female,917-893-6899,FALSE
Hamil,Jumonet,hjumonetay@biblegateway.com,Male,390-769-0953,TRUE
Clemmy,De Vuyst,cdevuystaz@mapy.cz,Male,952-655-0044,FALSE
Ive,Hanse,ihanseb0@who.int,Male,406-627-1464,TRUE
Jarid,Zienkiewicz,jzienkiewiczb1@abc.net.au,Male,620-979-5649,TRUE
Bekki,Lynas,blynasb2@state.gov,Female,547-837-5285,TRUE
Morganne,Hambribe,mhambribeb3@flickr.com,Female,629-776-7399,TRUE
Berna,Alesi,balesib4@nytimes.com,Female,308-773-6858,FALSE
Raf,McShea,rmcsheab5@imgur.com,Female,560-711-6826,TRUE
Leigh,Dingle,ldingleb6@slate.com,Female,992-383-6569,FALSE
Auguste,Lumsdall,alumsdallb7@google.de,Female,364-883-9427,FALSE
Debor,Aronovitz,daronovitzb8@alibaba.com,Female,440-498-7154,FALSE
Clareta,Wallett,cwallettb9@cafepress.com,Female,384-340-4012,FALSE
Izak,Stanlack,istanlackba@seesaa.net,Male,508-819-3042,FALSE
Alfred,Frid,afridbb@hugedomains.com,Male,781-810-5191,FALSE
Dotty,Morriarty,dmorriartybc@hao123.com,Female,217-672-5514,TRUE
Henrieta,Linstead,hlinsteadbd@google.ru,Female,851-386-4372,TRUE
Juditha,Fisbey,jfisbeybe@digg.com,Female,544-784-3498,FALSE
Ranna,Nairy,rnairybf@github.com,Female,800-828-4785,TRUE
Alleyn,Achrameev,aachrameevbg@google.com,Male,356-491-2440,TRUE
Sari,Attock,sattockbh@wufoo.com,Female,541-226-9860,TRUE
Opal,Langrick,olangrickbi@si.edu,Female,613-965-0958,TRUE
Elvis,Bliven,eblivenbj@cam.ac.uk,Male,431-412-3992,FALSE
Chelsy,De Atta,cdeattabk@economist.com,Female,451-555-2845,FALSE
Rorke,Jamary,rjamarybl@umich.edu,Male,840-591-7412,TRUE
Theodoric,Sirl,tsirlbm@paypal.com,Male,273-129-3947,TRUE
Rufus,Ickowics,rickowicsbn@soundcloud.com,Male,904-751-0440,FALSE
Nikolai,Brayson,nbraysonbo@list-manage.com,Male,582-118-6813,FALSE
Georgie,Elcom,gelcombp@wiley.com,Female,469-890-2321,FALSE
Cori,Heimes,cheimesbq@csmonitor.com,Male,937-388-7682,TRUE
Nico,Bourdis,nbourdisbr@psu.edu,Male,760-265-9093,TRUE
Lenora,Tyrer,ltyrerbs@bluehost.com,Female,959-888-5821,TRUE
Louie,Whistlecraft,lwhistlecraftbt@indiegogo.com,Male,779-325-7056,FALSE
Ferrell,Whetnall,fwhetnallbu@barnesandnoble.com,Male,871-648-1098,TRUE
Tadeas,McDavitt,tmcdavittbv@jugem.jp,Male,314-274-3658,TRUE
Courtnay,Dendon,cdendonbw@hatena.ne.jp,Female,130-973-4627,FALSE
Clayson,Gorbell,cgorbellbx@mysql.com,Male,708-392-8183,TRUE
Joleen,Artingstall,jartingstallby@newyorker.com,Female,740-937-7600,FALSE
Rebbecca,Hagger,rhaggerbz@webs.com,Female,720-364-6768,TRUE
Audra,Churches,achurchesc0@nps.gov,Female,237-961-3658,TRUE
Tadio,Kopf,tkopfc1@ca.gov,Male,924-130-7972,FALSE
Grissel,Bridgeland,gbridgelandc2@wp.com,Female,279-260-9002,FALSE
Almire,Culbert,aculbertc3@com.com,Female,459-932-1705,FALSE
Clemmie,Ronan,cronanc4@walmart.com,Male,966-635-5917,FALSE
Arturo,Lightowler,alightowlerc5@printfriendly.com,Male,212-492-7259,FALSE
Ame,Shaplin,ashaplinc6@g.co,Female,964-300-9940,FALSE
Fabien,Sloegrave,fsloegravec7@pbs.org,Male,475-662-2038,TRUE
Sidonia,Cheyney,scheyneyc8@hubpages.com,Female,647-463-7372,TRUE
Vinson,Castiblanco,vcastiblancoc9@facebook.com,Male,181-534-1861,TRUE
Cobbie,Athy,cathyca@ed.gov,Male,236-656-3479,TRUE
Eliot,Yokley,eyokleycb@imgur.com,Male,352-892-1659,FALSE
Jarad,Willett,jwillettcc@cpanel.net,Male,600-574-7728,FALSE
Karissa,Dinsmore,kdinsmorecd@ning.com,Female,698-886-3517,TRUE
Anastasia,Tale,atalece@loc.gov,Female,777-241-8702,TRUE
Mahmoud,Jorry,mjorrycf@ftc.gov,Male,552-808-1661,FALSE
Packston,Reaveley,preaveleycg@vk.com,Male,152-273-6293,FALSE
Aida,Ivashnikov,aivashnikovch@oakley.com,Female,322-188-2668,TRUE
Eldin,Drinnan,edrinnanci@domainmarket.com,Male,459-321-5003,FALSE
Wake,Cattenach,wcattenachcj@howstuffworks.com,Male,788-835-6906,FALSE
Joseph,Tourner,jtournerck@surveymonkey.com,Male,401-942-8362,TRUE
Willard,Ritchman,writchmancl@geocities.com,Male,675-473-5506,FALSE
Ardella,Hanbridge,ahanbridgecm@cargocollective.com,Female,762-625-1687,FALSE
Leopold,Greenside,lgreensidecn@alexa.com,Male,832-975-9025,FALSE
Lothaire,Weeke,lweekeco@ucoz.ru,Male,291-397-7066,FALSE
Marika,McSwan,mmcswancp@skype.com,Female,838-551-5361,FALSE
Brigham,Pennoni,bpennonicq@tmall.com,Male,179-561-5325,TRUE
Linoel,Rich,lrichcr@comsenz.com,Male,184-447-9217,FALSE
Ceciley,Harriss,charrisscs@state.tx.us,Female,319-645-7350,FALSE
Zabrina,Stother,zstotherct@miibeian.gov.cn,Female,886-267-6076,FALSE
Alejandrina,Netley,anetleycu@nps.gov,Female,790-461-5059,FALSE
Madalyn,Castellani,mcastellanicv@cloudflare.com,Female,251-411-9313,FALSE
Paquito,Appleton,pappletoncw@domainmarket.com,Male,318-622-3251,FALSE
Lorine,Lindop,llindopcx@yandex.ru,Female,122-599-9383,FALSE
Mikey,Cahalin,mcahalincy@yale.edu,Male,943-970-0456,FALSE
Domenico,Whaymand,dwhaymandcz@google.com.br,Male,811-451-1928,TRUE
Raeann,Mantrip,rmantripd0@mit.edu,Female,296-472-3926,TRUE
Brit,Matous,bmatousd1@chronoengine.com,Male,417-267-4975,TRUE
Christos,Iacobo,ciacobod2@mapquest.com,Male,203-544-7163,FALSE
Corine,Henworth,chenworthd3@google.com.br,Female,599-837-7308,TRUE
Ailee,Bruckent,abruckentd4@privacy.gov.au,Female,821-757-3151,FALSE
Fernandina,Blazevic,fblazevicd5@google.co.jp,Female,867-917-3934,TRUE
Annissa,Bessell,abesselld6@yellowpages.com,Female,718-423-1359,TRUE
Maryanna,Ainsley,mainsleyd7@mtv.com,Female,759-948-6083,FALSE
Eartha,Townshend,etownshendd8@linkedin.com,Female,833-122-2411,TRUE
Harriot,Eckley,heckleyd9@ed.gov,Female,318-590-8992,TRUE
Elliott,Keays,ekeaysda@tmall.com,Male,761-201-5936,TRUE
Allys,Bradneck,abradneckdb@goodreads.com,Female,472-220-6223,TRUE
Ailina,Detloff,adetloffdc@xing.com,Female,372-680-5515,FALSE
Patten,Haime,phaimedd@studiopress.com,Male,183-558-6962,TRUE
Jeanie,Mongan,jmongande@twitter.com,Female,218-575-0716,FALSE
Barton,Arnao,barnaodf@edublogs.org,Male,468-262-4939,TRUE
Oliy,Wooff,owooffdg@studiopress.com,Female,976-176-3899,TRUE
Sarah,Barabisch,sbarabischdh@dropbox.com,Female,465-316-3035,FALSE
Otto,Persitt,opersittdi@4shared.com,Male,757-470-8333,TRUE
Papageno,Edscer,pedscerdj@themeforest.net,Male,532-640-4199,FALSE
Dewey,Eaken,deakendk@java.com,Male,982-949-1177,TRUE
Ly,Olivera,loliveradl@imdb.com,Male,122-169-7364,TRUE
Anatola,Gridon,agridondm@fotki.com,Female,814-398-3744,TRUE
Lavena,Haw,lhawdn@printfriendly.com,Female,983-117-9929,FALSE
Alanson,McMurthy,amcmurthydo@odnoklassniki.ru,Male,549-288-1200,TRUE
Blair,Simson,bsimsondp@github.com,Female,362-583-0584,TRUE
Minerva,Freiberg,mfreibergdq@economist.com,Female,718-471-1771,FALSE
Alana,Lathwood,alathwooddr@bloglovin.com,Female,278-285-5437,FALSE
Paxon,Valenti,pvalentids@webmd.com,Male,788-539-4821,FALSE
Odey,De Santos,odesantosdt@shinystat.com,Male,228-260-7640,TRUE
Carrie,Moultrie,cmoultriedu@usatoday.com,Female,978-811-9945,TRUE
Celle,Simonian,csimoniandv@archive.org,Female,978-560-5823,TRUE
Annora,Gilford,agilforddw@w3.org,Female,560-680-5468,TRUE
Page,Golightly,pgolightlydx@usgs.gov,Male,764-388-9510,FALSE
Fons,Mordaunt,fmordauntdy@shutterfly.com,Male,307-368-2024,TRUE
Rory,Eagger,reaggerdz@edublogs.org,Male,282-370-0998,FALSE
Dionisio,Balbeck,dbalbecke0@photobucket.com,Male,714-611-5153,FALSE
Saree,Blackborow,sblackborowe1@jimdo.com,Female,736-340-8658,TRUE
Abner,Downes,adownese2@smugmug.com,Male,508-117-5635,TRUE
Binny,Stalf,bstalfe3@eventbrite.com,Female,553-442-0585,TRUE
Una,Crumly,ucrumlye4@sitemeter.com,Female,637-922-0970,TRUE
Emerson,Faircloth,efairclothe5@microsoft.com,Male,406-608-6438,TRUE
Francklyn,Durgan,fdurgane6@google.es,Male,925-429-6321,FALSE
Aggie,Antcliffe,aantcliffee7@nps.gov,Female,302-764-1212,TRUE
Westbrooke,Wilber,wwilbere8@google.com.br,Male,749-637-2788,TRUE
Aguistin,Thornley,athornleye9@stumbleupon.com,Male,103-649-0469,TRUE
Blondie,Logesdale,blogesdaleea@infoseek.co.jp,Female,110-505-7744,TRUE
Russ,Nardoni,rnardonieb@com.com,Male,320-209-2769,FALSE
Reggi,McColley,rmccolleyec@tinypic.com,Female,183-984-1783,TRUE
Andre,Dzenisenka,adzenisenkaed@i2i.jp,Male,670-489-4114,TRUE
Jeffrey,Avis,javisee@prlog.org,Male,419-900-6872,FALSE
Stepha,Chapelle,schapelleef@goo.gl,Female,366-471-5195,FALSE
Pascal,Le Cornu,plecornueg@craigslist.org,Male,893-817-3009,FALSE
Arny,Glasman,aglasmaneh@slideshare.net,Male,105-854-2760,FALSE
Chas,Jenckes,cjenckesei@rediff.com,Male,702-724-3439,FALSE
Kamila,Shortell,kshortellej@state.gov,Female,359-716-7278,TRUE
Manfred,Van den Velde,mvandenveldeek@networksolutions.com,Male,486-540-1484,FALSE
Mathian,Botham,mbothamel@apple.com,Male,534-880-6404,FALSE
Chelsie,Manuello,cmanuelloem@examiner.com,Female,888-266-5508,FALSE
Urbain,Matieu,umatieuen@cargocollective.com,Male,398-366-5718,FALSE
Orelia,Deverell,odeverelleo@kickstarter.com,Female,457-803-6753,FALSE
Marthe,Debrick,mdebrickep@nasa.gov,Female,619-251-9381,FALSE
Britt,Landman,blandmaneq@twitpic.com,Male,161-323-4983,TRUE
Haily,Raspel,hraspeler@pcworld.com,Male,517-542-7539,FALSE
Sheffy,Neave,sneavees@qq.com,Male,242-375-9388,TRUE
Rey,Milward,rmilwardet@ucoz.com,Female,275-654-3931,TRUE
Errick,Ivashchenko,eivashchenkoeu@prweb.com,Male,421-878-7083,TRUE
Georgeanne,Gherardelli,ggherardelliev@uiuc.edu,Female,776-609-8850,FALSE
Monroe,Perello,mperelloew@ow.ly,Male,220-662-8962,FALSE
Karalee,Harford,kharfordex@hubpages.com,Female,444-216-1462,TRUE
Lanette,Carson,lcarsoney@hc360.com,Female,209-956-6658,TRUE
Benjy,Adamov,badamovez@wordpress.com,Male,868-414-4643,TRUE
Fergus,Norrington,fnorringtonf0@cisco.com,Male,434-346-9127,TRUE
Joete,Syer,jsyerf1@tripod.com,Female,830-748-5919,FALSE
Lynnell,Malan,lmalanf2@smh.com.au,Female,790-997-3749,TRUE
Yehudit,Sponer,ysponerf3@google.es,Male,370-754-4489,FALSE
Cortney,Vondrach,cvondrachf4@sbwire.com,Female,538-102-2092,TRUE
Gaylene,Shildrick,gshildrickf5@addtoany.com,Female,722-347-1755,FALSE
Ulick,Trinkwon,utrinkwonf6@canalblog.com,Male,500-842-3024,TRUE
Nickey,Kendall,nkendallf7@gnu.org,Male,415-772-0893,FALSE
Oberon,Trent,otrentf8@canalblog.com,Male,549-407-9720,FALSE
Stefa,Van Salzberger,svansalzbergerf9@opera.com,Female,346-301-4957,FALSE
Benton,M'Chirrie,bmchirriefa@xing.com,Male,270-510-1259,FALSE
Waiter,Martusov,wmartusovfb@ustream.tv,Male,219-260-3636,FALSE
Sauncho,Lampen,slampenfc@google.nl,Male,107-507-1916,FALSE
Sam,Aupol,saupolfd@twitpic.com,Female,218-890-2413,FALSE
Kinna,Grigorkin,kgrigorkinfe@bloglines.com,Female,435-565-3864,TRUE
Eward,Mashal,emashalff@wikipedia.org,Male,605-587-7778,TRUE
Zacharie,Milesop,zmilesopfg@skyrock.com,Male,172-850-2298,TRUE
Korella,Pledger,kpledgerfh@sitemeter.com,Female,200-877-3496,TRUE
Corrie,Yoodall,cyoodallfi@e-recht24.de,Male,760-835-2429,FALSE
Sidonia,Kaas,skaasfj@google.nl,Female,158-941-7104,TRUE
Maddi,Coppock.,mcoppockfk@canalblog.com,Female,801-148-0936,TRUE
Brion,Manclark,bmanclarkfl@merriam-webster.com,Male,530-765-6224,FALSE
Harris,McGuane,hmcguanefm@123-reg.co.uk,Male,520-652-0877,FALSE
Felipa,Carletto,fcarlettofn@sfgate.com,Female,564-228-1945,TRUE
Olenolin,July,ojulyfo@google.co.uk,Male,220-296-5239,FALSE
Dukey,Quarry,dquarryfp@constantcontact.com,Male,168-379-4158,FALSE
Livvie,Thomasen,lthomasenfq@squarespace.com,Female,628-387-8306,FALSE
Inger,Spinelli,ispinellifr@statcounter.com,Male,243-304-2363,FALSE
Phillipp,Vanyushin,pvanyushinfs@mapy.cz,Male,723-835-8960,FALSE
Whittaker,Blencoe,wblencoeft@usa.gov,Male,232-522-3052,TRUE
Lorry,Farnsworth,lfarnsworthfu@tumblr.com,Male,455-746-9947,FALSE
Rosamond,Vaudre,rvaudrefv@prlog.org,Female,138-868-6807,FALSE
Craggie,De Meyer,cdemeyerfw@lulu.com,Male,300-584-1230,TRUE
Cort,Falconer,cfalconerfx@moonfruit.com,Male,963-757-8669,FALSE
Dael,Verriour,dverriourfy@jugem.jp,Female,845-715-5701,FALSE
Alvina,Cradoc,acradocfz@feedburner.com,Female,898-176-5696,TRUE
Nevil,Prowse,nprowseg0@google.pl,Male,985-522-5277,FALSE
Lucias,Elnough,lelnoughg1@lycos.com,Male,744-414-4038,TRUE
Alana,Treagus,atreagusg2@twitpic.com,Female,285-522-4390,TRUE
Sholom,MacFadzean,smacfadzeang3@hao123.com,Male,360-217-2202,FALSE
Millard,Millins,mmillinsg4@kickstarter.com,Male,321-402-9435,FALSE
Markos,Rawes,mrawesg5@pcworld.com,Male,648-208-5760,FALSE
Annabelle,Stenhouse,astenhouseg6@kickstarter.com,Female,439-131-0010,FALSE
Araldo,Gealy,agealyg7@altervista.org,Male,421-334-2305,TRUE
Arch,Tees,ateesg8@bandcamp.com,Male,898-716-9615,TRUE
Junie,Hawley,jhawleyg9@livejournal.com,Female,412-671-8455,FALSE
Alonzo,Kneath,akneathga@ed.gov,Male,555-959-8344,FALSE
Cleveland,Trevarthen,ctrevarthengb@hhs.gov,Male,210-518-2753,FALSE
Blayne,Adiscot,badiscotgc@wikia.com,Male,200-849-2422,TRUE
Marjorie,Tyndall,mtyndallgd@com.com,Female,440-428-4062,TRUE
Georgie,Leiden,gleidenge@dot.gov,Male,922-957-0108,TRUE
Corabelle,Lindenman,clindenmangf@scientificamerican.com,Female,910-353-3945,TRUE
Konstantin,Guerner,kguernergg@ft.com,Male,726-946-6457,FALSE
Julieta,McCrea,jmccreagh@opensource.org,Female,109-939-2866,TRUE
Benny,Le Brum,blebrumgi@i2i.jp,Female,617-675-2499,FALSE
Alexandrina,Hancock,ahancockgj@reference.com,Female,541-465-8808,FALSE
Rikki,Nare,rnaregk@stumbleupon.com,Female,128-102-5646,TRUE
Cristen,Sale,csalegl@sfgate.com,Female,154-607-1296,TRUE
Jeanine,Kynvin,jkynvingm@cmu.edu,Female,448-551-3398,FALSE
Dorelia,Fulep,dfulepgn@joomla.org,Female,306-208-7547,TRUE
Cate,Bampkin,cbampkingo@sohu.com,Female,641-902-6840,FALSE
Sven,Conklin,sconklingp@google.com.hk,Male,644-321-3993,TRUE
Archie,Sirr,asirrgq@usda.gov,Male,429-872-4518,FALSE
Anders,Medlin,amedlingr@parallels.com,Male,336-156-5119,FALSE
Brittan,Simionescu,bsimionescugs@wordpress.com,Female,471-509-5150,FALSE
Rainer,Schneidau,rschneidaugt@economist.com,Male,650-114-3170,FALSE
Brittani,Joint,bjointgu@t-online.de,Female,953-973-0375,TRUE
Allin,McNamara,amcnamaragv@nydailynews.com,Male,850-712-0914,TRUE
Martie,Heys,mheysgw@liveinternet.ru,Female,171-691-7979,TRUE
Collette,Hundall,chundallgx@networkadvertising.org,Female,602-839-2381,FALSE
Yardley,Noulton,ynoultongy@washingtonpost.com,Male,372-372-4083,TRUE
Laurent,Beumant,lbeumantgz@uol.com.br,Male,111-914-0959,TRUE
Hammad,Ridehalgh,hridehalghh0@usatoday.com,Male,571-247-7086,TRUE
Dal,Ferber,dferberh1@alibaba.com,Male,546-844-8930,TRUE
Cinda,Chittie,cchittieh2@paginegialle.it,Female,481-670-3098,FALSE
Kerry,Tenman,ktenmanh3@angelfire.com,Male,303-975-6348,TRUE
Lukas,Dies,ldiesh4@posterous.com,Male,912-240-4117,TRUE
Alasdair,Castaner,acastanerh5@simplemachines.org,Male,835-169-2571,FALSE
Gauthier,Yurenev,gyurenevh6@bandcamp.com,Male,947-409-2372,TRUE
Alika,Winters,awintersh7@netscape.com,Female,628-641-7534,TRUE
Yanaton,Lambirth,ylambirthh8@smugmug.com,Male,584-462-7156,TRUE
Catlin,Hibbart,chibbarth9@privacy.gov.au,Female,592-397-0661,FALSE
Annette,Tulk,atulkha@github.com,Female,670-834-6475,TRUE
Jarrad,Treat,jtreathb@google.pl,Male,305-797-5455,TRUE
Gayler,Leap,gleaphc@godaddy.com,Male,832-462-9646,FALSE
Kippy,Fenck,kfenckhd@europa.eu,Female,167-557-7998,FALSE
Georas,Union,gunionhe@1688.com,Male,239-898-1951,FALSE
Mitchael,Loadwick,mloadwickhf@paypal.com,Male,655-228-5235,TRUE
Andreana,Stitt,astitthg@opera.com,Female,456-248-2637,TRUE
Norean,Keppel,nkeppelhh@about.com,Female,595-444-4110,TRUE
Bryanty,Dobing,bdobinghi@eepurl.com,Male,452-222-0175,TRUE
Darnall,Inder,dinderhj@wsj.com,Male,609-528-0102,TRUE
Richie,Coslitt,rcoslitthk@dropbox.com,Male,501-112-7654,TRUE
Barbabas,Pithie,bpithiehl@chron.com,Male,656-668-6471,FALSE
Anson,O'Luby,aolubyhm@patch.com,Male,161-691-3321,FALSE
Carmelia,Brockie,cbrockiehn@vkontakte.ru,Female,726-571-0041,TRUE
Nappie,Grogor,ngrogorho@wsj.com,Male,502-700-5571,FALSE
Corie,Dorkin,cdorkinhp@samsung.com,Female,794-580-4328,TRUE
Harri,Chamberlaine,hchamberlainehq@pcworld.com,Female,676-883-3219,TRUE
Mozelle,Work,mworkhr@usa.gov,Female,980-763-6850,TRUE
Jami,Mordue,jmorduehs@artisteer.com,Female,619-334-6108,TRUE
Jefferson,Faichnie,jfaichnieht@ifeng.com,Male,750-736-0379,TRUE
Maryjane,Craiker,mcraikerhu@hhs.gov,Female,394-795-5183,FALSE
Jobyna,Marrill,jmarrillhv@youku.com,Female,536-331-4788,FALSE
Tonya,Boldt,tboldthw@google.cn,Female,334-867-9546,TRUE
Wini,Pedersen,wpedersenhx@ow.ly,Female,822-105-9465,FALSE
Gretta,Kneath,gkneathhy@istockphoto.com,Female,578-965-6832,FALSE
Bendicty,Goch,bgochhz@t-online.de,Male,499-192-5987,FALSE
Bren,Seabright,bseabrighti0@senate.gov,Male,412-706-0820,TRUE
Stormie,Crowden,scrowdeni1@github.io,Female,813-339-1532,TRUE
Candice,Greser,cgreseri2@mac.com,Female,878-538-3301,TRUE
Crawford,Baline,cbalinei3@independent.co.uk,Male,706-811-9971,FALSE
Grannie,Stubbe,gstubbei4@clickbank.net,Male,236-861-3597,FALSE
Tanney,Sibery,tsiberyi5@yale.edu,Male,701-486-8536,TRUE
Mariejeanne,Vereker,mverekeri6@smh.com.au,Female,107-582-4649,FALSE
Ross,Manton,rmantoni7@privacy.gov.au,Male,862-254-0570,FALSE
Ammamaria,Nisbith,anisbithi8@house.gov,Female,360-822-0584,TRUE
Urson,Hudson,uhudsoni9@ucsd.edu,Male,971-251-4936,FALSE
Thibaud,Eadon,teadonia@ycombinator.com,Male,455-107-4625,FALSE
Markus,Nuemann,mnuemannib@blog.com,Male,429-980-7640,FALSE
Antin,Tavener,ataveneric@ovh.net,Male,564-904-1654,FALSE
Legra,Littell,llittellid@amazon.de,Female,220-533-8084,FALSE
Kimberli,Le Frank,klefrankie@e-recht24.de,Female,486-848-8478,TRUE
Cob,Corrin,ccorrinif@biglobe.ne.jp,Male,854-723-0218,TRUE
Jocelin,Rambaut,jrambautig@typepad.com,Female,576-221-9240,FALSE
Ricky,Mariolle,rmariolleih@w3.org,Female,557-386-0356,FALSE
Joli,Kahn,jkahnii@statcounter.com,Female,753-447-4466,TRUE
Egor,McGettrick,emcgettrickij@symantec.com,Male,532-576-4590,TRUE
Valentijn,Curtois,vcurtoisik@huffingtonpost.com,Male,515-377-0187,FALSE
Flossy,Blinckhorne,fblinckhorneil@cdbaby.com,Female,716-464-6555,FALSE
Franky,Whyffen,fwhyffenim@cbslocal.com,Male,955-582-3878,FALSE
Lonnard,Malpas,lmalpasin@slate.com,Male,115-667-2930,TRUE
Meris,Gourdon,mgourdonio@geocities.jp,Female,891-344-6305,TRUE
Marybeth,Juden,mjudenip@de.vu,Female,463-900-8337,TRUE
Darius,Cranna,dcrannaiq@springer.com,Male,872-226-5631,TRUE
Gaylor,Lintin,glintinir@salon.com,Male,500-428-2819,TRUE
Martainn,Craydon,mcraydonis@blog.com,Male,615-639-4894,FALSE
Sydney,Leate,sleateit@sphinn.com,Male,383-149-4077,FALSE
Lynnet,Maffy,lmaffyiu@ebay.com,Female,782-789-9281,FALSE
Levin,Daborn,ldaborniv@naver.com,Male,848-981-5363,TRUE
Elinore,Bulbeck,ebulbeckiw@list-manage.com,Female,363-292-5111,FALSE
Margo,Derdes,mderdesix@google.it,Female,414-349-7954,TRUE
Arly,Gianasi,agianasiiy@soup.io,Female,896-511-8792,FALSE
Maurizia,Valdes,mvaldesiz@infoseek.co.jp,Female,554-278-3081,FALSE
Melania,Hassur,mhassurj0@wufoo.com,Female,698-742-7612,TRUE
Virgil,Kirkwood,vkirkwoodj1@imageshack.us,Male,610-371-4120,FALSE
Galina,Spire,gspirej2@cdc.gov,Female,388-487-2280,FALSE
Betty,Woofenden,bwoofendenj3@tinypic.com,Female,359-495-6796,TRUE
Lind,Marielle,lmariellej4@gov.uk,Female,908-337-9703,TRUE
Truman,Delia,tdeliaj5@umich.edu,Male,984-724-9744,FALSE
Peria,Cordero,pcorderoj6@macromedia.com,Female,143-105-7071,TRUE
Brynne,Astill,bastillj7@miitbeian.gov.cn,Female,327-544-9907,TRUE
Rainer,Borrie,rborriej8@usnews.com,Male,762-587-7798,TRUE
Ignatius,Bushel,ibushelj9@reuters.com,Male,280-434-1231,TRUE
Dasi,Pozer,dpozerja@comsenz.com,Female,251-593-7566,FALSE
Merrielle,Turville,mturvillejb@skyrock.com,Female,456-272-3709,TRUE
Elka,Cristofvao,ecristofvaojc@domainmarket.com,Female,985-814-9407,TRUE
Rod,Marwood,rmarwoodjd@cbsnews.com,Male,155-897-9974,TRUE
Hobey,Mitford,hmitfordje@opensource.org,Male,703-359-9108,FALSE
Pincas,Harnor,pharnorjf@sourceforge.net,Male,983-450-4682,TRUE
Toby,Grishakov,tgrishakovjg@home.pl,Male,998-518-7700,TRUE
Devina,Davidavidovics,ddavidavidovicsjh@nhs.uk,Female,454-680-3882,TRUE
Marie-jeanne,Gane,mganeji@toplist.cz,Female,458-822-1429,TRUE
Wittie,Reinard,wreinardjj@ebay.com,Male,498-923-5460,FALSE
Kirsten,Birk,kbirkjk@msu.edu,Female,411-886-3023,TRUE
Skelly,Larciere,slarcierejl@rediff.com,Male,204-173-2895,FALSE
Shae,Thomson,sthomsonjm@businessinsider.com,Female,323-584-8441,FALSE
Amber,Priden,apridenjn@twitter.com,Female,699-784-4298,TRUE
Otto,Grewes,ogrewesjo@webnode.com,Male,347-517-3543,TRUE
Elayne,Gages,egagesjp@lulu.com,Female,117-527-4340,FALSE
Krissie,Dragoe,kdragoejq@rambler.ru,Female,304-217-4745,TRUE
Bary,Showl,bshowljr@dyndns.org,Male,670-401-9913,TRUE
Irma,Heijne,iheijnejs@pinterest.com,Female,840-125-2504,FALSE
Penny,Haswell,phaswelljt@sakura.ne.jp,Male,948-469-4005,TRUE
Brook,Alwood,balwoodju@nbcnews.com,Male,365-968-6773,FALSE
Bing,Bothie,bbothiejv@feedburner.com,Male,660-401-9485,FALSE
Persis,Tethcote,ptethcotejw@elegantthemes.com,Female,799-559-3777,TRUE
Laurent,Cooling,lcoolingjx@cocolog-nifty.com,Male,680-893-0344,FALSE
Agna,Tappington,atappingtonjy@examiner.com,Female,983-173-7321,FALSE
Fanechka,Snell,fsnelljz@ycombinator.com,Female,260-463-4940,FALSE
Rocky,Yude,ryudek0@omniture.com,Male,911-406-5986,FALSE
Dela,Ewbanks,dewbanksk1@blogs.com,Female,356-230-0365,TRUE
Boothe,Cheney,bcheneyk2@gizmodo.com,Male,681-801-1905,FALSE
Drusy,Patching,dpatchingk3@usda.gov,Female,127-347-7196,FALSE
Brita,Lovelock,blovelockk4@drupal.org,Female,804-112-3499,FALSE
Sophey,Wickman,swickmank5@webs.com,Female,340-752-9318,FALSE
Shandeigh,Maly,smalyk6@theguardian.com,Female,183-482-7509,TRUE
Sophey,Mariot,smariotk7@cdbaby.com,Female,320-567-5086,TRUE
Osgood,Corneil,ocorneilk8@canalblog.com,Male,961-990-5873,FALSE
Marice,Aldersea,malderseak9@google.nl,Female,299-490-5257,TRUE
Erv,Stanbridge,estanbridgeka@slideshare.net,Male,403-376-1210,FALSE
Leeann,Vynarde,lvynardekb@psu.edu,Female,914-807-8827,TRUE
Giordano,Plewman,gplewmankc@rambler.ru,Male,903-534-7293,FALSE
Christiano,Whipple,cwhipplekd@guardian.co.uk,Male,360-609-4471,TRUE
Philippine,Kleehuhler,pkleehuhlerke@virginia.edu,Female,240-652-8449,FALSE
Anthia,Kimbley,akimbleykf@amazon.co.uk,Female,212-628-2775,FALSE
Morrie,Battams,mbattamskg@state.tx.us,Male,791-666-0022,TRUE
Arley,Duchart,aduchartkh@friendfeed.com,Male,671-673-3186,FALSE
Modesta,Michieli,mmichieliki@elegantthemes.com,Female,766-422-7243,FALSE
Langsdon,Stonnell,lstonnellkj@jugem.jp,Male,780-469-0721,TRUE
Hart,Merner,hmernerkk@nationalgeographic.com,Male,574-243-1820,FALSE
Hobey,Ridge,hridgekl@hud.gov,Male,770-918-4632,FALSE
Calida,Lob,clobkm@phoca.cz,Female,594-750-6952,TRUE
Gualterio,Hargerie,ghargeriekn@parallels.com,Male,814-551-8533,TRUE
Reeba,Bourne,rbourneko@jigsy.com,Female,832-564-7623,FALSE
Aleece,McGlade,amcgladekp@ibm.com,Female,917-962-9155,TRUE
Hillard,Blasio,hblasiokq@apple.com,Male,248-278-1993,FALSE
Kaela,Wiffill,kwiffillkr@businessinsider.com,Female,434-188-7570,TRUE
Inglebert,Garrattley,igarrattleyks@go.com,Male,514-406-6472,FALSE
York,Fergyson,yfergysonkt@slate.com,Male,564-289-7925,FALSE
Felicle,Bonham,fbonhamku@chronoengine.com,Female,816-218-2507,FALSE
Faye,Passmore,fpassmorekv@harvard.edu,Female,968-818-2938,TRUE
Doralynn,Schade,dschadekw@tmall.com,Female,500-947-7568,TRUE
Martica,Abrahim,mabrahimkx@deliciousdays.com,Female,389-692-0535,FALSE
Bord,Hunnicot,bhunnicotky@wordpress.com,Male,340-450-4586,TRUE
Artair,Sprade,aspradekz@bigcartel.com,Male,174-688-6804,TRUE
Bruis,Syddie,bsyddiel0@wsj.com,Male,690-220-7333,FALSE
Kirstin,Paridge,kparidgel1@imgur.com,Female,910-246-0423,FALSE
Harriette,Montez,hmontezl2@wp.com,Female,364-450-0165,FALSE
Bartlet,Beagles,bbeaglesl3@amazon.de,Male,311-377-4059,TRUE
Dawn,Colwill,dcolwilll4@rakuten.co.jp,Female,112-271-3889,TRUE
Carey,Skullet,cskulletl5@indiatimes.com,Female,424-679-0775,TRUE
Fianna,Dealey,fdealeyl6@macromedia.com,Female,779-992-9924,TRUE
Rhona,Sidey,rsideyl7@google.es,Female,499-195-1178,FALSE
Mirabel,Summerlie,msummerliel8@gizmodo.com,Female,231-398-9600,TRUE
Charmine,Klimczak,cklimczakl9@icq.com,Female,879-220-7784,TRUE
Ermanno,McGrill,emcgrillla@salon.com,Male,123-841-2803,TRUE
Minda,MacElroy,mmacelroylb@jugem.jp,Female,513-325-5305,FALSE
Karly,Swayte,kswaytelc@youku.com,Female,915-185-0346,TRUE
Augustus,Helwig,ahelwigld@phpbb.com,Male,303-699-1682,FALSE
Clari,MacCartan,cmaccartanle@oracle.com,Female,322-959-3246,FALSE
Chandler,McMurraya,cmcmurrayalf@mit.edu,Male,190-392-4783,TRUE
Glenn,Le Lievre,glelievrelg@paypal.com,Male,767-611-5662,TRUE
Kelsy,Penright,kpenrightlh@youtu.be,Female,683-827-8001,FALSE
Lemmie,Yepiskopov,lyepiskopovli@domainmarket.com,Male,571-899-3629,TRUE
Brynn,Varcoe,bvarcoelj@bloomberg.com,Female,804-219-5290,TRUE
Elsinore,Andreacci,eandreaccilk@addthis.com,Female,688-993-3944,TRUE
Valdemar,Glazier,vglazierll@samsung.com,Male,752-610-5744,TRUE
Nobe,Abrashkin,nabrashkinlm@msn.com,Male,893-810-0966,TRUE
Alistair,Boundy,aboundyln@un.org,Male,283-499-0871,TRUE
Nerti,Wandrack,nwandracklo@yahoo.co.jp,Female,536-483-4592,TRUE
Cortney,Echalie,cechalielp@1und1.de,Female,381-280-9784,TRUE
Yul,Jime,yjimelq@howstuffworks.com,Male,951-795-3922,FALSE
Reiko,Trebbett,rtrebbettlr@usatoday.com,Female,163-589-2883,TRUE
Britte,Westcot,bwestcotls@unicef.org,Female,847-562-0419,FALSE
Almeta,Caselli,acasellilt@wunderground.com,Female,674-227-7197,FALSE
Phip,Dictus,pdictuslu@examiner.com,Male,479-111-5012,FALSE
Nikki,Hatchman,nhatchmanlv@usgs.gov,Female,517-651-9912,FALSE
Jackie,Draycott,jdraycottlw@sakura.ne.jp,Female,870-960-9039,FALSE
Jess,Cristofolo,jcristofololx@jimdo.com,Male,663-587-6483,FALSE
Sherman,Astbury,sastburyly@webnode.com,Male,422-168-6544,TRUE
Marillin,Rafferty,mraffertylz@msn.com,Female,725-328-2953,TRUE
Myrtie,Pettican,mpetticanm0@addtoany.com,Female,952-432-9148,TRUE
Gratia,Vedekhin,gvedekhinm1@ca.gov,Female,412-163-3436,TRUE
Carena,Condict,ccondictm2@apache.org,Female,591-655-0589,FALSE
Bartolemo,Bricksey,bbrickseym3@godaddy.com,Male,280-144-3402,TRUE
Sara,Broomhead,sbroomheadm4@nba.com,Female,302-757-6358,TRUE
Gerek,Biddle,gbiddlem5@altervista.org,Male,787-751-3185,TRUE
Bowie,Brigden,bbrigdenm6@spotify.com,Male,633-792-5081,FALSE
Gabriella,Whatmough,gwhatmoughm7@google.fr,Female,724-646-0094,TRUE
Hillier,Kubista,hkubistam8@addtoany.com,Male,524-576-4756,TRUE
King,Busch,kbuschm9@yahoo.co.jp,Male,790-498-7373,FALSE
Gratia,Gerrets,ggerretsma@springer.com,Female,739-927-1576,TRUE
Galina,Discombe,gdiscombemb@jigsy.com,Female,169-787-8534,TRUE
Pooh,Foulstone,pfoulstonemc@cnet.com,Male,168-583-3579,FALSE
Erie,Bonham,ebonhammd@state.gov,Male,496-115-9373,FALSE
Alvinia,Dabney,adabneyme@friendfeed.com,Female,514-566-0841,FALSE
Corrina,Nestor,cnestormf@arizona.edu,Female,268-462-3008,FALSE
Ula,Tattershaw,utattershawmg@youku.com,Female,405-823-8086,FALSE
Brit,Gilchriest,bgilchriestmh@flickr.com,Male,213-335-9576,FALSE
Ebenezer,Rough,eroughmi@intel.com,Male,378-309-6801,FALSE
Clarey,Riceards,criceardsmj@xinhuanet.com,Female,189-719-2438,FALSE
Xymenes,Portman,xportmanmk@answers.com,Male,257-607-5021,FALSE
Dillie,Adshad,dadshadml@icq.com,Male,318-569-4178,FALSE
Gonzalo,Boughen,gboughenmm@macromedia.com,Male,330-997-5950,TRUE
Corny,Decreuze,cdecreuzemn@simplemachines.org,Male,874-499-5205,TRUE
Maggi,Felgate,mfelgatemo@symantec.com,Female,506-427-7301,FALSE
Vail,Dybald,vdybaldmp@cocolog-nifty.com,Male,417-935-5477,TRUE
Allister,Persse,aperssemq@google.fr,Male,207-361-8991,TRUE
Willie,Swallwell,wswallwellmr@imageshack.us,Male,379-838-1308,FALSE
Avie,Becket,abecketms@youtube.com,Female,259-376-6694,TRUE
Georgena,Bolley,gbolleymt@google.co.uk,Female,323-983-1173,FALSE
Emmey,McGilvray,emcgilvraymu@ft.com,Female,986-790-4368,FALSE
Kate,Tremble,ktremblemv@archive.org,Female,768-931-4437,FALSE
Robena,Salasar,rsalasarmw@printfriendly.com,Female,628-983-0955,FALSE
Amber,Shapcote,ashapcotemx@springer.com,Female,747-150-7994,TRUE
Mead,Gosling,mgoslingmy@loc.gov,Male,348-752-0760,TRUE
Emelita,Matusov,ematusovmz@youtu.be,Female,936-134-6690,TRUE
Donn,Symington,dsymingtonn0@usa.gov,Male,670-550-1519,TRUE
Jamal,Dymick,jdymickn1@yahoo.co.jp,Male,467-476-1201,TRUE
Neda,Roalfe,nroalfen2@reference.com,Female,711-451-4132,TRUE
Herbie,Midlane,hmidlanen3@nationalgeographic.com,Male,636-751-0623,TRUE
Hatti,Tropman,htropmann4@columbia.edu,Female,860-223-6679,TRUE
Elston,Nekrews,enekrewsn5@xrea.com,Male,617-933-1588,FALSE
Delainey,Fyfield,dfyfieldn6@ovh.net,Male,943-703-0940,FALSE
Stevana,Birkinshaw,sbirkinshawn7@taobao.com,Female,254-313-5099,TRUE
Udall,Prott,uprottn8@creativecommons.org,Male,672-394-8214,TRUE
Gal,McPhaden,gmcphadenn9@quantcast.com,Male,273-370-6699,FALSE
Christin,Mugridge,cmugridgena@furl.net,Female,204-417-3922,TRUE
Meir,Ricks,mricksnb@princeton.edu,Male,741-998-8201,FALSE
Sergent,Eacle,seaclenc@microsoft.com,Male,782-658-5328,TRUE
Tucky,Arnaut,tarnautnd@craigslist.org,Male,934-110-1086,FALSE
Noll,Petrushkevich,npetrushkevichne@icq.com,Male,713-155-3170,FALSE
Regina,Sunley,rsunleynf@cocolog-nifty.com,Female,715-747-7027,TRUE
Geoffrey,Freear,gfreearng@over-blog.com,Male,909-182-1315,TRUE
Karl,Lorey,kloreynh@usnews.com,Male,177-103-6063,TRUE
Olympie,Teasdale-Markie,oteasdalemarkieni@google.it,Female,645-230-7995,TRUE
Octavius,Folling,ofollingnj@reference.com,Male,653-640-8042,FALSE
Ikey,Petrello,ipetrellonk@cornell.edu,Male,260-127-3964,TRUE
Hazel,Girodier,hgirodiernl@epa.gov,Female,713-234-1167,FALSE
Seamus,Schober,sschobernm@blogtalkradio.com,Male,414-169-9383,FALSE
Chalmers,Janoschek,cjanoscheknn@amazon.co.uk,Male,880-754-2752,FALSE
Petey,Havock,phavockno@hatena.ne.jp,Male,400-503-0648,TRUE
Chery,Leet,cleetnp@nsw.gov.au,Female,417-960-8450,TRUE
Winfield,Aers,waersnq@cdbaby.com,Male,657-447-0335,TRUE
Harley,Eby,hebynr@webnode.com,Female,617-259-1942,FALSE
Siusan,Ranfield,sranfieldns@ebay.co.uk,Female,719-567-2419,FALSE
Raven,Spurriar,rspurriarnt@desdev.cn,Female,248-851-1827,TRUE
Polly,Gianullo,pgianullonu@house.gov,Female,395-205-1880,TRUE
Giuseppe,Benardette,gbenardettenv@smugmug.com,Male,840-959-3059,TRUE
Thorn,Frossell,tfrossellnw@cnn.com,Male,760-193-7808,FALSE
Pascal,Sprankling,pspranklingnx@ucoz.com,Male,532-630-2999,TRUE
Armando,de Aguirre,adeaguirreny@i2i.jp,Male,821-684-3561,TRUE
Leland,Alpin,lalpinnz@dailymotion.com,Male,390-874-6613,FALSE
Tami,Liversley,tliversleyo0@slideshare.net,Female,441-331-6665,TRUE
Rubin,Webberley,rwebberleyo1@archive.org,Male,377-679-8517,FALSE
Cesar,Santos,csantoso2@posterous.com,Male,957-511-9232,FALSE
Filberto,Gilleon,fgilleono3@spiegel.de,Male,334-279-3688,TRUE
Roy,Reisk,rreisko4@usgs.gov,Male,310-876-1850,TRUE
Saba,Cullabine,scullabineo5@adobe.com,Female,652-172-2739,TRUE
Ramsay,Sleford,rslefordo6@nbcnews.com,Male,520-868-1537,TRUE
Carmella,Wythill,cwythillo7@yellowpages.com,Female,538-618-4709,TRUE
Darrin,Winspare,dwinspareo8@theglobeandmail.com,Male,323-270-5997,FALSE
Dyna,Rubinowitz,drubinowitzo9@ebay.com,Female,354-103-1579,FALSE
Susanetta,Kenset,skensetoa@etsy.com,Female,578-657-1803,FALSE
Miguelita,Terrans,mterransob@prweb.com,Female,460-199-8583,TRUE
Banky,Seifenmacher,bseifenmacheroc@seattletimes.com,Male,178-584-0760,FALSE
Myca,Codling,mcodlingod@newsvine.com,Male,638-502-7535,FALSE
Fran,Chaucer,fchauceroe@fc2.com,Male,525-600-4927,FALSE
Albina,Stronghill,astronghillof@ucsd.edu,Female,159-851-6498,TRUE
Dagmar,Battisson,dbattissonog@bloglovin.com,Female,605-129-7080,FALSE
Thebault,Kohrsen,tkohrsenoh@odnoklassniki.ru,Male,532-144-4779,FALSE
Byrle,Ciric,bciricoi@baidu.com,Male,379-727-4056,TRUE
Artemas,Guerreau,aguerreauoj@gnu.org,Male,230-145-9119,TRUE
Ennis,Allenson,eallensonok@disqus.com,Male,807-244-0559,FALSE
Giffie,Nisen,gnisenol@goo.gl,Male,273-244-8723,FALSE
Farlay,Warrack,fwarrackom@lycos.com,Male,639-208-2473,TRUE
Yardley,Whardley,ywhardleyon@usnews.com,Male,853-248-4547,TRUE
Sharl,Halkyard,shalkyardoo@usda.gov,Female,839-318-9419,TRUE
Edee,Marnes,emarnesop@blog.com,Female,336-783-7559,FALSE
Kailey,Rudolfer,krudolferoq@merriam-webster.com,Female,668-649-9025,TRUE
Bennett,Jefferson,bjeffersonor@usnews.com,Male,158-192-4208,TRUE
Gaelan,McWilliam,gmcwilliamos@disqus.com,Male,137-406-5529,TRUE
Laraine,Wordley,lwordleyot@economist.com,Female,585-138-8781,TRUE
Reid,Dunkley,rdunkleyou@sohu.com,Male,901-833-7994,TRUE
Hendrika,Grennan,hgrennanov@ocn.ne.jp,Female,690-325-1159,TRUE
Maressa,Samsworth,msamsworthow@china.com.cn,Female,654-154-5481,TRUE
Mira,Doppler,mdopplerox@instagram.com,Female,575-542-8422,FALSE
Benedetta,Trenbey,btrenbeyoy@businessinsider.com,Female,167-762-5647,TRUE
Carr,Lansdale,clansdaleoz@reuters.com,Male,102-138-1776,FALSE
Kennith,Bees,kbeesp0@fema.gov,Male,607-278-4256,TRUE
Vinny,Oldroyde,voldroydep1@jimdo.com,Female,600-840-1257,TRUE
Jonathan,McQuillan,jmcquillanp2@alexa.com,Male,409-810-9709,FALSE
Alexandra,Sanchez,asanchezp3@japanpost.jp,Female,538-611-0049,TRUE
Si,MacAlester,smacalesterp4@wunderground.com,Male,607-844-4228,FALSE
Devlin,Trimmill,dtrimmillp5@tumblr.com,Male,384-869-5457,FALSE
Bibby,Brecknall,bbrecknallp6@nyu.edu,Female,777-124-2724,TRUE
Derrick,Audas,daudasp7@pen.io,Male,782-800-1929,TRUE
Consolata,Turpey,cturpeyp8@opensource.org,Female,245-953-5183,FALSE
Persis,Vinden,pvindenp9@webnode.com,Female,739-398-2355,TRUE
Matteo,Chrishop,mchrishoppa@narod.ru,Male,812-727-8663,FALSE
Niccolo,Jaqueminet,njaqueminetpb@youtube.com,Male,816-227-4297,TRUE
Gabriel,Stormont,gstormontpc@cbc.ca,Male,403-444-3287,TRUE
Franklyn,Donne,fdonnepd@ft.com,Male,356-394-1003,FALSE
Dudley,Stairs,dstairspe@un.org,Male,751-467-0507,TRUE
Charlena,Pendrich,cpendrichpf@rediff.com,Female,672-519-0994,FALSE
Lyell,Duny,ldunypg@issuu.com,Male,910-518-8871,TRUE
Duff,Ventam,dventamph@cloudflare.com,Male,722-507-2289,FALSE
Lissie,Mogie,lmogiepi@prnewswire.com,Female,482-278-9585,FALSE
Corrie,Meir,cmeirpj@seattletimes.com,Male,655-185-8634,FALSE
Pauline,Shirtliff,pshirtliffpk@loc.gov,Female,650-603-8936,TRUE
Fayette,Tantum,ftantumpl@auda.org.au,Female,361-151-0362,TRUE
Shalne,Scrancher,sscrancherpm@comsenz.com,Female,446-507-4781,FALSE
Avivah,Stampfer,astampferpn@blog.com,Female,326-420-7412,FALSE
Prudence,Burnyeat,pburnyeatpo@studiopress.com,Female,388-588-3625,FALSE
Aurelea,Early,aearlypp@mysql.com,Female,380-660-7691,TRUE
Mose,Hansen,mhansenpq@forbes.com,Male,946-908-2955,FALSE
Darb,Cicculini,dcicculinipr@elpais.com,Male,904-641-3793,TRUE
Kenny,McClymond,kmcclymondps@networkadvertising.org,Male,919-254-9605,TRUE
Logan,Izhak,lizhakpt@xrea.com,Male,269-279-1495,FALSE
Rochette,Aisman,raismanpu@vinaora.com,Female,973-110-0686,TRUE
Ebonee,Winchurch,ewinchurchpv@techcrunch.com,Female,583-662-4014,TRUE
Robinet,Kenchington,rkenchingtonpw@4shared.com,Male,341-880-2924,FALSE
Glory,Hallas,ghallaspx@google.it,Female,979-784-1419,TRUE
Maximo,Rigmand,mrigmandpy@tamu.edu,Male,659-358-4710,FALSE
Daren,Millican,dmillicanpz@sfgate.com,Male,939-552-8491,TRUE
Hart,Janikowski,hjanikowskiq0@topsy.com,Male,398-444-4413,TRUE
Romeo,Tindle,rtindleq1@army.mil,Male,207-665-9764,FALSE
Glennis,Trowler,gtrowlerq2@unicef.org,Female,714-791-5540,FALSE
Lindie,Stratten,lstrattenq3@comsenz.com,Female,986-377-6676,TRUE
Eleni,Bosket,ebosketq4@ox.ac.uk,Female,646-107-6595,TRUE
Ramsey,Figgess,rfiggessq5@so-net.ne.jp,Male,734-790-6648,FALSE
Lucias,Legat,llegatq6@soundcloud.com,Male,688-149-8254,TRUE
Jarred,Bonnaire,jbonnaireq7@surveymonkey.com,Male,355-361-6457,TRUE
Chev,Bassingden,cbassingdenq8@patch.com,Male,690-811-8155,TRUE
Lauryn,Hooke,lhookeq9@spiegel.de,Female,391-579-2266,FALSE
Towney,Ciric,tciricqa@cornell.edu,Male,818-487-9451,TRUE
Brigitte,Waldren,bwaldrenqb@mit.edu,Female,338-849-1956,TRUE
Tanney,Treversh,ttrevershqc@si.edu,Male,252-279-2747,FALSE
Glenden,Peddersen,gpeddersenqd@paginegialle.it,Male,445-571-4078,FALSE
Cyrill,Biggerdike,cbiggerdikeqe@yandex.ru,Male,719-876-6890,TRUE
Talyah,Geeritz,tgeeritzqf@multiply.com,Female,592-694-5046,FALSE
Peyton,Nixon,pnixonqg@wix.com,Male,609-464-5675,TRUE
Sinclare,Killgus,skillgusqh@home.pl,Male,100-513-5030,FALSE
Alden,Johnsey,ajohnseyqi@trellian.com,Male,545-239-7202,TRUE
Allene,Glassman,aglassmanqj@xinhuanet.com,Female,389-678-6476,FALSE
Kennett,Scimoni,kscimoniqk@uol.com.br,Male,915-489-4996,TRUE
Rodger,Novelli,rnovelliql@vkontakte.ru,Male,227-685-9524,TRUE
Susi,Rickarsey,srickarseyqm@usa.gov,Female,533-222-1622,TRUE
Raimundo,Philcox,rphilcoxqn@nationalgeographic.com,Male,612-546-3541,FALSE
Kelci,Fone,kfoneqo@npr.org,Female,140-593-4922,TRUE
Augustin,Shakle,ashakleqp@springer.com,Male,346-150-8684,FALSE
Alexis,Sperling,asperlingqq@mozilla.org,Male,203-686-1734,TRUE
Fraser,Epp,feppqr@yolasite.com,Male,281-608-8306,FALSE
Elvira,Dearle,edearleqs@oakley.com,Female,994-492-6818,FALSE
Erena,Fawlo,efawloqt@bing.com,Female,865-598-1006,FALSE
Lanette,Caldroni,lcaldroniqu@weebly.com,Female,196-707-5250,FALSE
Cirstoforo,Fader,cfaderqv@google.es,Male,324-970-7744,FALSE
Ingrid,Luney,iluneyqw@themeforest.net,Female,445-948-5615,TRUE
Garrik,Brussels,gbrusselsqx@example.com,Male,987-447-7964,TRUE
Kasper,Garry,kgarryqy@forbes.com,Male,121-776-8614,TRUE
Flemming,Archbald,farchbaldqz@cdc.gov,Male,575-259-5754,TRUE
Junia,De Carlo,jdecarlor0@ft.com,Female,447-317-6804,TRUE
Blinnie,Caban,bcabanr1@photobucket.com,Female,628-115-5678,FALSE
Del,Boutcher,dboutcherr2@ow.ly,Male,317-617-5981,FALSE
Raynor,Aldwick,raldwickr3@github.com,Male,940-917-0232,TRUE
Nomi,Shurville,nshurviller4@naver.com,Female,393-229-1884,TRUE
Minna,Dawdry,mdawdryr5@jugem.jp,Female,285-923-7932,FALSE
Roz,Burrett,rburrettr6@godaddy.com,Female,520-815-9474,FALSE
Chandal,Seiler,cseilerr7@privacy.gov.au,Female,909-345-0764,FALSE
Stewart,Pherps,spherpsr8@gnu.org,Male,207-217-5510,TRUE
Gavin,Atkyns,gatkynsr9@51.la,Male,437-909-5764,TRUE
Olympia,Philippon,ophilipponra@wp.com,Female,862-893-2362,TRUE
Lonnard,Zack,lzackrb@microsoft.com,Male,981-165-3012,FALSE
Killy,Retallack,kretallackrc@yellowbook.com,Male,853-246-4414,FALSE
Madella,Gear,mgearrd@posterous.com,Female,450-720-3156,TRUE
Gabe,Inchley,ginchleyre@cbc.ca,Male,561-732-9340,TRUE
Barnard,Crellim,bcrellimrf@twitter.com,Male,445-843-7261,FALSE
Kevon,Willson,kwillsonrg@ovh.net,Male,269-462-9397,TRUE
Sharona,Letcher,sletcherrh@cnbc.com,Female,657-823-1894,TRUE
Bastien,Barkus,bbarkusri@reddit.com,Male,213-174-5123,FALSE
Layne,Beneteau,lbeneteaurj@blog.com,Female,234-787-4858,FALSE
Cybil,Swainston,cswainstonrk@purevolume.com,Female,254-549-4202,FALSE
Chryste,Oakland,coaklandrl@wired.com,Female,324-544-8580,FALSE
Brynn,Starten,bstartenrm@hubpages.com,Female,732-792-2013,FALSE
Trevor,Hamlyn,thamlynrn@hexun.com,Male,501-997-9129,FALSE
Morlee,Lappin,mlappinro@princeton.edu,Male,206-296-8562,FALSE
Doy,Gillmore,dgillmorerp@usnews.com,Male,950-832-1071,FALSE
Anet,Tilne,atilnerq@bloglovin.com,Female,556-891-1055,TRUE
Gaylord,Cocozza,gcocozzarr@cbslocal.com,Male,862-162-4225,TRUE